Mutation,A549-D3,A549-D7
R175H,0.9798193177221448,2.394840423009437
D259Y,1.3203750061355717,3.6779968863518415
M246R,1.2355873627549927,1.604326273095989
E285Q,33.278466305189774,75.15821195379206
M169I,9.517663368229838,25.050926615988477
R110G,1.877489843411036,3.495265224420664
H178R,6.875750388005505,24.760648195135158
E258E,0.07625712106939397,0.1467751404847773
