Mutation,Endogenous-D3,Endogenous-D7,Sensor-D3,Sensor-D7
D259Y,1.145972,1.607384,1.320375,3.677997
M246R,0.233045,0.213825,1.235587,1.604326
E258E,0.741811,0.896428,0.076257,0.146775
R175H,0.094687,0.267368,0.979819,2.39484
M169I,6.861187,10.675487,9.517663,25.050927
H178R,3.218925,3.752008,6.87575,24.760648
E285Q,28.312254,50.060714,33.278466,75.158212
R110G,0.921319,1.07125,1.87749,3.495265
,,,,
,,,,
,,,,
,,,,
,,,,
,,,,
,,,,
,,,,
,,,,
,,,,
,,,,
,,,,